ztfname,ra,dec,coord_source,iau_name,ztfname,z,t0,x0,x1,c,mwebv,mwr_v,z_err,t0_err,x0_err,x1_err,c_err,mwebv_err,mwr_v_err,cov_t_x0,cov_t_x1,cov_t_c,cov_x0_x1,cov_x0_c,cov_x1_c,fitprob,lccoverage_flag,fitquality_flag,frac_fitted,peak_mag_ztfg,peak_mag_ztfr,phot_version
ZTF18aabstmw,153.451129,38.763123,fritz,2018aaz,ZTF18aabstmw,0.02308648,58190.750250680176,0.0012555938316736988,-1.5276189123213608,0.31015357721632064,0.011196535117444294,3.1,0.0,0.10311271897080587,6.827616505692812e-05,0.11023979629382907,0.044589065450393234,0.0,0.0,-1.1621671880632076e-06,-0.006445485145008546,0.0015260919343751244,-6.089846016316489e-07,-2.8002973826819354e-06,-0.0006779381305738873,5.1108233978120045e-11,1.0,0.0,100.0,17.70434303813936,17.462970795431584,2022dec05
ZTF18aahfgyz,175.28327,24.819567,fritz,2018ast,ZTF18aahfgyz,0.0121384,58215.87217654999,0.0022689493899954,-2.085871894178553,0.5379787705017913,0.02191377572954134,3.1,0.0,0.2952983795257751,0.00010945710367823015,0.0872706377669955,0.03871474774038616,0.0,0.0,-8.095040885295949e-06,-0.01077199060728323,0.0007011371863875799,-5.835723667056249e-07,-3.752997850344361e-06,-7.341531360237511e-05,3.0750091527488414e-47,0.0,0.0,88.88888888888889,16.957713067283645,16.448197253063107,2022dec05
ZTF18aahjaxz,193.455954,29.590735,fritz,2018avg,ZTF18aahjaxz,0.04630438,58226.16427617669,0.00046333604252996914,-3.0416361446572737,0.3409957160745509,0.015736284951863168,3.1,0.0,0.1516856894522789,1.8379927700196483e-05,0.1592492834123247,0.03736297781495476,0.0,0.0,-8.813371034893883e-07,-0.002966298076437234,0.0018741079282991663,-1.7896878770293955e-07,-5.949815199611963e-07,-0.000405193793063619,0.0018439779760533361,1.0,0.0,97.10144927536231,18.76924844534211,18.459941037057305,2022dec05
ZTF18aaimxdx,266.036898,39.355355,fritz,2018bay,ZTF18aaimxdx,0.03945433,58217.23927534944,0.0005112190160899759,-2.589153926144756,0.46036330359040734,0.02870650413364707,3.1,0.0,0.11703759898227872,2.389667776325519e-05,0.10030485237190678,0.038787150874434795,0.0,0.0,2.974328777887422e-07,-0.0006848251567736733,-0.0007193257075973401,-9.373967345287235e-07,-8.51908490028104e-07,0.0011613502177897565,1.4569202684946106e-16,1.0,0.0,99.33774834437087,18.61015003722436,18.17597904925252,2022dec05
ZTF18aajtlbf,261.967674,60.095399,fritz,2018bbz,ZTF18aajtlbf,0.02783472,58228.08527400823,0.0014316965160889965,-3.2493668936164517,0.3373396694151164,0.022336776952853972,3.1,0.0,0.09662519942139625,4.97176720438404e-05,0.08811970817971981,0.03228643551815441,0.0,0.0,-1.3037058908655422e-06,-0.00017115524567346775,0.000889657640682983,-3.4650711031007335e-07,-1.4111244296592059e-06,7.30499958644297e-05,2.5665671928846252e-21,1.0,0.0,100.0,17.54541282310276,17.235829157271457,2022dec05
ZTF18aaodnxt,202.017241,34.328767,fritz,,ZTF18aaodnxt,0.03408115,58240.667175748196,0.0003757748237672324,-0.11713971282401825,0.3941848885097689,0.014025602454766556,3.1,0.0,0.1713169991853647,1.415847106575854e-05,0.18721030899087818,0.037655758804433864,0.0,0.0,-6.302427324139315e-07,0.007941516764990234,0.0008406891609467207,-2.9831576836670856e-07,-4.267346722356588e-07,-0.001624237542888103,9.094015966296103e-19,1.0,0.0,100.0,18.979804278215443,18.67678098315543,2022dec05
ZTF18aaqfkqh,217.603761,11.932566,fritz,2018ahq,ZTF18aaqfkqh,0.02551671,58193.90000000137,0.0024792658166978036,-1.0543569679222304,0.2493492438873972,0.026107821046125128,3.1,0.0,0.27209844624303514,0.00011672813224503911,0.17695105025433494,0.04142431564712844,0.0,0.0,-1.2480214081141222e-11,-1.9334855829955182e-08,-3.5706073980019596e-10,-6.122611873665964e-06,-3.6111709210826e-06,-0.0018603414917381985,0.7333419853472988,0.0,1.0,100.0,16.993296846980172,16.831160703314126,2022dec05
ZTF18aarcypa,167.459331,28.971408,fritz,2018bil,ZTF18aarcypa,0.03203689,58252.462188987905,0.0009141288977725763,-3.040277289784832,0.15174076291656544,0.023253725045203986,3.1,0.0,0.33934713386406656,7.867186608327654e-05,0.29031335956260684,0.07192040597659434,0.0,0.0,1.706025614052453e-05,-0.008498517417685446,-0.014895878068659251,-9.427473201779222e-06,-5.2406311596676605e-06,0.006732306085216653,0.10758178693274799,1.0,0.0,100.0,18.113093262891585,18.02009411494128,2022dec05
ZTF18abbikrz,240.767242,19.182311,fritz,2020pwn,ZTF18abbikrz,0.04672737,59058.05021867657,0.0015628766809679103,-2.8392026132696278,0.0094595353877825,0.034772546112828304,3.1,0.0,0.09748473975560046,5.625736191187231e-05,0.14977791346152514,0.032805188432686976,0.0,0.0,-2.4927805816348505e-07,0.0015473249746606266,2.145946065660686e-05,-2.5413947192959287e-06,-1.569786704351789e-06,0.0008490609391647072,4.1862290002582107e-07,1.0,1.0,100.0,17.590187954840594,17.665616598428898,2022dec05
ZTF18abdmgab,250.902297,33.533633,fritz,2018lph,ZTF18abdmgab,0.07842041,58311.527880162736,0.00031644626375838006,-2.4174069939429264,0.08746152463066233,0.01873426045296187,3.1,0.0,0.08696205192245543,9.877755353928101e-06,0.12292455331315222,0.029310344886234536,0.0,0.0,6.324659437773766e-08,0.0028512334277872456,-0.00017484475304716532,-1.4783906711372453e-07,-2.432135150576231e-07,4.524676441437713e-05,0.0006998777768538101,1.0,1.0,100.0,19.293473558139347,19.28711933430367,2022dec05
ZTF18abixkdo,243.952115,19.65707,fritz,2018eak,ZTF18abixkdo,0.03034527,58328.84100444768,0.0027578813091128002,-2.1299278804549346,0.04369663963357706,0.04166588958833533,3.1,0.0,0.15516511189343873,0.00010170037003342808,0.13635597617031447,0.03468330892869661,0.0,0.0,1.7254119254877715e-06,-0.0024130014540432758,-0.0004399991807610998,-2.208588680399429e-06,-2.9179670153570262e-06,-0.00014995426358881464,0.0005285702121582865,1.0,1.0,100.0,16.961632384253907,17.01155632636127,2022dec05
ZTF18abjrznx,221.290554,9.273507,fritz,2018efn,ZTF18abjrznx,0.02397958,58325.00000133275,0.0008387311724303014,-2.685718811703104,0.7794482288892842,0.02504267500846815,3.1,0.0,0.12839285943846335,5.6711135909437655e-05,0.47829697392430903,0.06877015930131686,0.0,0.0,-4.191520356631933e-11,-1.267814665845154e-07,-7.888659142114438e-09,-9.672537970466995e-06,-3.2775225137454205e-06,0.005093151171798244,4.108575598561876e-08,0.0,0.0,100.0,17.921722743383402,17.13107307831004,2023jul25
ZTF18abklaoj,223.384589,3.070487,fritz,2018edd,ZTF18abklaoj,0.02795989,58329.21282972212,0.0026538440158038186,-2.615573994125469,0.12919377327433168,0.0389174598555637,3.1,0.0,0.8348148339973704,0.00023261510667119036,0.4998458746450285,0.05997425869311403,0.0,0.0,-0.00014268105035370065,-0.10738343000403922,0.013836324213476397,-1.4325176606023135e-05,-1.0554943427439719e-05,0.00713316807152454,0.18149259567824494,0.0,1.0,100.0,16.966589833716426,16.908172004406005,2022dec05
ZTF18abltdfj,246.302109,40.840348,fritz,2018eyi,ZTF18abltdfj,0.03038273,58340.00000083785,0.0003367472014199904,-1.8875533966307745,0.7126706438945944,0.0054605056351387255,3.1,0.0,0.022138075750262942,1.4349823196886424e-05,0.10739761039400997,0.0359536005788339,0.0,0.0,-3.81471758864459e-12,-8.520569809179937e-09,3.808394774190254e-09,-8.478284516778298e-08,-4.6248103955342714e-07,-0.00042945179666057526,1.8339111801332316e-99,1.0,0.0,96.99248120300751,18.946857250403262,18.24880372173212,2023jul25
ZTF18ablwtkf,279.466269,51.83808,fritz,2018ezz,ZTF18ablwtkf,0.0306357,58347.2910459594,0.0015482217932748937,-2.346008540407078,0.1191868225430656,0.04075892244281918,3.1,0.0,0.1200113981103641,5.078367182351727e-05,0.05200690953664333,0.029323440599678174,0.0,0.0,-8.50937846685147e-07,-0.0015728135546696758,-7.189860309069633e-05,7.028949955749727e-08,-1.2829720124581372e-06,-0.00012024855909134617,1.982347429051101e-34,1.0,0.0,99.16317991631799,17.556632020402628,17.51523838726445,2022dec05
ZTF18abmjcbs,331.736667,51.40727,fritz,,ZTF18abmjcbs,0.05201079,58349.135222363264,0.0007559917184022199,-2.937205883033976,0.21158679392798946,0.408614972074387,3.1,0.0,0.171498566527589,3.3351153875046914e-05,0.165488024801707,0.037617314684187345,0.0,0.0,-3.226968320516015e-07,-0.006923142135971217,5.853131422952815e-06,-1.0787875918674711e-06,-1.1399478504680679e-06,0.0009308131009176965,3.4630651543097677e-10,1.0,0.0,100.0,18.294218988231385,18.13464620863829,2022dec05
ZTF18abnzocn,41.029631,37.524313,fritz,2018foc,ZTF18abnzocn,0.03065788,58360.76375564505,0.00024541095899772845,-3.137364007985412,0.9685868302904174,0.04783347726190098,3.1,0.0,0.13193686812155647,1.2489533123067755e-05,0.21623212884024845,0.04143808883399508,0.0,0.0,-5.366316621419631e-07,-0.0008284521008762434,0.001634188042300932,-4.959356384791764e-07,-4.807815102868736e-07,0.0009200975857802103,5.049947406142768e-26,1.0,0.0,95.32710280373831,19.160492453844036,18.15249205868711,2022dec05
ZTF18absnqyo,315.584347,19.962821,fritz,2018fvw,ZTF18absnqyo,0.03861004,58374.10024872895,0.0011516091931422566,-3.484927603220809,0.2232272921153435,0.1287215899936003,3.1,0.0,0.18724151466449257,4.567787770247487e-05,0.3250257659833111,0.04109119724531786,0.0,0.0,-7.023914992748165e-07,0.022129185977829677,0.00020288975752771836,-3.655205902763592e-06,-1.5023248630424945e-06,0.0014796134268771465,0.07482562705356356,1.0,0.0,100.0,17.830729037507083,17.646539977323187,2022dec05
ZTF18abtnbys,103.085796,46.989168,fritz,,ZTF18abtnbys,0.04247939,58373.792056465405,0.00019287645255799846,-4.999999999634385,0.637816179774868,0.08087304311594767,3.1,0.0,0.1483795694039145,8.10075989006051e-06,0.08281721356603011,0.039175658242969424,0.0,0.0,-1.07013236945328e-07,-7.734154276787136e-10,0.0006191947611412918,4.731388963596441e-14,-2.7605830941245036e-07,-1.8534767363265607e-10,4.030535258286358e-09,1.0,0.0,100.0,19.579814763258426,18.893288475819382,2022dec05
ZTF18acefgoc,123.931669,58.314809,fritz,2018hls,ZTF18acefgoc,0.02705388,58403.85520732312,0.0009519287549817486,0.23377868512129513,0.39512762405869833,0.05156376843343867,3.1,0.0,0.19643362705755862,4.403113279107527e-05,0.18839623451437326,0.03471818085575912,0.0,0.0,3.464393536555336e-06,-0.02688873082760149,-0.0011977664198776726,-4.8117854402971535e-06,-1.2768694668422468e-06,0.0014356582355930423,1.7068252207911575e-17,1.0,0.0,100.0,17.970754427273345,17.67516526811826,2022dec05
ZTF18acrcetn,15.951274,10.592342,fritz,2018jag,ZTF18acrcetn,0.03983089,58454.13835461206,0.0004622790939586653,-0.8320183981215981,0.5778979572751386,0.03053802091211596,3.1,0.0,0.4664956159722351,6.07612271819448e-05,0.19725256025015137,0.09619647523122243,0.0,0.0,-6.5823330936131495e-06,-0.040511348923502374,0.009493239411186195,-2.2306053432191125e-06,-5.701979576970876e-06,0.0018318299434649126,0.01941158686736929,0.0,1.0,100.0,18.669233075175235,18.145239476675847,2022dec05
ZTF18acybqhe,203.210417,7.310819,tns,2018efm,ZTF18acybqhe,0.03142093,58335.62540287805,0.00392933603112637,-1.061784628152783,0.042797125528623574,0.031030595137028827,3.1,0.0,7.62147541729064,0.0006143485721512704,6.486402339560639,0.43097693835337086,0.0,0.0,-0.0038778691441294106,183.28728830161435,3.032172059152021,-0.016434270743363757,-0.00027860468198310964,12.750176572300866,0.0,0.0,0.0,100.0,16.58046083759126,16.653429482440405,2022dec05
ZTF18adathpb,41.731339,39.601031,fritz,2018ldz,ZTF18adathpb,0.03118157,58484.12883137124,0.00020121353677720854,-3.9873400588697234,0.9097009029744476,0.074525710655466,3.1,0.0,0.23616340798980673,9.3312223799623e-06,0.25680868712688065,0.0416125424431531,0.0,0.0,-2.749407478968076e-07,-0.012399586092636838,-0.000643372003149685,-1.946820340938445e-07,-3.3743913491728556e-07,0.0005425320981796263,6.0693321617232485e-15,1.0,0.0,96.875,19.403784335942465,18.439318436506987,2022dec05
ZTF19aaafica,195.060513,27.956839,fritz,2019be,ZTF19aaafica,0.02167012,58490.083159885224,0.0004470873249121402,-2.460360038438565,0.5796066405466447,0.008618985728728107,3.1,0.0,0.1582721425620548,1.6738956842748536e-05,0.14781871327674478,0.03607336413989226,0.0,0.0,-6.174459072811053e-07,-0.0012428579757918742,0.001245544667341166,6.435299968973045e-09,-5.218478532927457e-07,-0.0005176075821951771,8.53642134653356e-55,1.0,0.0,94.33962264150944,18.700993224616163,18.13647782050062,2022dec05
ZTF19aaaonuk,163.708502,-7.380991,fritz,2019cp,ZTF19aaaonuk,0.05061655,58492.52468147098,0.00030159314948139613,-2.587991078915853,0.3056398601147264,0.025976233557712416,3.1,0.0,0.4352687047467043,1.5317193437416925e-05,0.20218653084064786,0.04516799057704715,0.0,0.0,1.696287044483582e-06,-0.06512118560783195,-0.006898598182536906,-6.273967119870126e-07,-6.272487848504347e-07,0.0014986574313985651,0.002150377470154826,1.0,1.0,100.0,19.25219721152571,18.99275346111764,2022dec05
ZTF19aaarhtg,318.10136,13.004712,fritz,2020pki,ZTF19aaarhtg,0.02801,59047.51030568987,0.0005533261176466064,-2.108299142544755,0.5952541586999313,0.07765882914270211,3.1,0.0,0.22504533242317848,2.5313090842974263e-05,0.1450656632724162,0.03840433052277076,0.0,0.0,-1.3718903267149987e-06,-0.008824801512909118,0.000839104884275188,-3.427716120895679e-07,-8.678871419944559e-07,0.00014570030377850457,7.103156605584296e-22,1.0,0.0,98.05825242718447,18.463042067539714,17.889341482960525,2022dec05
ZTF19aablual,35.42436,-25.927242,fritz,2019op,ZTF19aablual,0.03997614,58497.48855306326,0.0008564615905684937,-4.99999904625976,0.10361933462093367,0.011662968891140841,3.1,0.0,0.49638759635126917,6.840745133240448e-05,2.050381729298511,0.08721555134757608,0.0,0.0,1.891362567314573e-05,-1.8048138639113894e-07,0.0003701569554277353,-9.673800884677705e-11,-3.596178959922759e-06,6.399891715218557e-08,0.2796964429986031,0.0,0.0,100.0,18.1981113275492,18.122395512165806,2022dec05
ZTF19aaejslw,224.365926,8.785796,fritz,2019afa,ZTF19aaejslw,0.07849334,58509.73093286645,0.0002883823373546874,-2.232810418435154,0.2071268340253376,0.030005752037938472,3.1,0.0,0.8587996482929157,1.748504223760217e-05,0.6652611865077934,0.06980785168962328,0.0,0.0,1.5963684332431237e-06,-0.30485747901540666,-0.005728715421140887,-3.402300097408558e-06,-8.230798566820749e-07,-0.00020603460775749766,0.009785928719707664,1.0,1.0,100.0,19.34441447564189,19.204680696885916,2022dec05
ZTF19aaeopqn,199.74858,32.974644,fritz,2019abk,ZTF19aaeopqn,0.03799387,58513.964065250795,0.00039252106442285773,-3.10713272491272,0.33391282339019984,0.012591755030137815,3.1,0.0,0.17427584872712032,1.681872387373606e-05,0.25930381464282215,0.040052527959705736,0.0,0.0,3.0854827605002136e-07,-0.013193343973030628,0.00014841982850832884,-1.3127844720517253e-06,-5.547811049588055e-07,0.0007098901563512268,4.588375609802053e-20,1.0,0.0,100.0,18.95227942333273,18.64961655748292,2022dec05
ZTF19aahjhoy,184.880145,49.814177,fritz,2019arb,ZTF19aahjhoy,0.01370087,58521.84805972617,0.0017376226808253298,-3.0423226902968623,0.5793512894939877,0.013980200346322332,3.1,0.0,0.20032565014844295,7.302437361193478e-05,0.14679726942960225,0.03980965599137937,0.0,0.0,-4.008223561963165e-06,0.00680911239329771,0.0010734086556579221,-1.24303167855766e-06,-2.490609835035213e-06,0.0001610250988438768,2.0450643191056566e-28,0.0,0.0,100.0,17.22574520147772,16.648179104918363,2022dec05
ZTF19aaktdid,192.420123,-12.348103,fritz,2019bbe,ZTF19aaktdid,0.04646881,58535.65262253698,0.0004837350001518375,-4.999999877945071,0.24432767146985088,0.03889506953598183,3.1,0.0,0.7854788982258469,5.308111652119055e-05,1.2636915163607971,0.18086468012228157,0.0,0.0,-2.236455732038871e-05,8.603117482693916e-07,0.002681287727152641,-3.939173797726237e-11,-6.039488130789489e-06,-8.3520669997575e-08,0.8146001083500984,0.0,0.0,100.0,18.759044256510396,18.520127166141403,2022dec05
ZTF19aanhgqg,212.204831,35.614174,fritz,2019cdc,ZTF19aanhgqg,0.02777309,58575.14461656687,0.00247254726431238,-2.230083710799962,0.0762716326164261,0.011352565342196017,3.1,0.0,0.13608884798304643,9.180219066232988e-05,0.12371174824574394,0.0380550591686076,0.0,0.0,9.438929719862272e-07,-0.0006782273745142605,-0.0008049671878637867,-2.217759254559695e-06,-2.777463121210827e-06,-0.00015086046099780333,0.03721974780197214,1.0,1.0,100.0,17.06651715222115,17.076860411519498,2022dec05
ZTF19aanmclt,227.838489,11.394106,fritz,2019cmt,ZTF19aanmclt,0.04578729,58567.541633614564,0.0003066650944204528,-2.700310636210287,0.4666275984070705,0.040932892353659225,3.1,0.0,0.3316524388937978,1.893995707452921e-05,0.3601531928178734,0.05449696440693269,0.0,0.0,-1.8472935375802617e-06,0.00980707163701182,0.003695445811517469,-2.1764824647203034e-06,-8.833239036276888e-07,0.0030194822771824944,0.004159433458845699,1.0,1.0,100.0,19.161871270008955,18.71818235028983,2022dec05
ZTF19aanxgrz,268.958376,62.612629,fritz,2019cnu,ZTF19aanxgrz,0.02761933,58581.685115358996,0.00208615721675734,-2.0721249076413275,0.2069309806358658,0.03496555766734598,3.1,0.0,0.09245316229134914,7.211106198176881e-05,0.07022633558986557,0.031988533873100855,0.0,0.0,4.951546378944574e-08,0.00020276813589254562,-0.0002065764403547508,-6.479893633656475e-07,-1.9627699454188207e-06,-9.355600334599852e-05,1.114137237635681e-40,1.0,0.0,100.0,17.196477060514855,17.06037285627365,2022dec05
ZTF19aarnrbw,226.86359,3.20419,fritz,2019dwr,ZTF19aarnrbw,0.04180915,58605.244251391625,0.0005701513646680245,-1.614683902888816,0.1250348580443288,0.039942776861848245,3.1,0.0,0.23930750436193193,3.613460541569761e-05,0.23598519680402064,0.04782069825496284,0.0,0.0,4.978628352851845e-06,-0.01802065970062647,-0.004913051492981752,-4.390243427946862e-06,-1.460954313051039e-06,0.0024073705282547497,2.0711390419237792e-06,1.0,1.0,100.0,18.640746550535653,18.607866718873712,2022dec05
ZTF19aauhwbp,181.004251,65.096335,fritz,2019fch,ZTF19aauhwbp,0.03941725,58624.05043096699,0.0008780573583918051,-2.644985049217029,0.1680053451835775,0.01934328802972203,3.1,0.0,0.13985260147819645,4.601885379050286e-05,0.2563885231094496,0.0429488187800986,0.0,0.0,1.2721908736814685e-07,-0.004035097947766775,0.0005609461073658396,-6.745609059930319e-06,-1.7128883011598831e-06,0.003932143622055442,3.814109772658934e-15,1.0,0.0,100.0,18.151050544720597,18.04746174059831,2022dec05
ZTF19aavhvkd,154.846936,44.408572,fritz,2019fma,ZTF19aavhvkd,0.02343621,58630.66922367349,0.0038585511946841976,-1.975942326636617,0.05551276056950981,0.011646044286218541,3.1,0.0,0.5856387671556149,0.00017847442261980577,0.16862642811790407,0.03841738154844958,0.0,0.0,-6.412336039284295e-05,-0.055735315938715245,0.00487211040453671,8.623668261728516e-06,-5.234083044222773e-06,-0.0011888657448736596,0.01853836469130896,0.0,1.0,100.0,16.592581593552737,16.632013558325482,2022dec05
ZTF19aavvvrc,27.666296,33.085966,fritz,2019hvu,ZTF19aavvvrc,0.03568135,58643.65856004611,0.0018553757191629944,-2.4232955192122816,-0.09410599040570239,0.0399597047398966,3.1,0.0,0.13536694365757285,0.00017057781543694279,0.09364109327947268,0.06921652520294906,0.0,0.0,-1.6993301961719958e-06,-0.0014715561363911037,0.0006421223006300371,-6.61940433850022e-06,-1.1539070149256064e-05,0.0024299430651467803,0.16934712130100552,1.0,1.0,100.0,17.446613437482213,17.650605379301677,2022dec05
ZTF19aayabqe,243.522633,60.783144,fritz,2019hep,ZTF19aayabqe,0.02693178,58648.58567331901,0.0003118184626590037,-3.054214987664957,0.6500643857768756,0.009227765513562284,3.1,0.0,0.14221706825264846,1.1567203476363017e-05,0.12270715144430255,0.032645269420078005,0.0,0.0,-7.606142266124731e-08,-0.0026758465152358305,-0.00010921205155231134,-1.3924517104260728e-07,-3.350598763956647e-07,0.00030970743593770856,8.121137689824356e-30,1.0,0.0,96.66666666666667,19.057516176003926,18.40098672388208,2023jan01
ZTF19aaynsws,357.660904,6.106474,fritz,2019hhz,ZTF19aaynsws,0.05536476,58645.65196113984,0.0006882522838817281,-2.137094115423874,0.024342749646429285,0.068473400441012,3.1,0.0,0.5808075913300854,3.0908927776395216e-05,0.21875037396159425,0.056082751761236324,0.0,0.0,-5.309694801609035e-09,-0.04882418473782198,-0.013784366023251875,-6.168913762031396e-07,-1.1097219523232684e-06,-0.001792705198186802,0.011602198336680617,0.0,1.0,100.0,18.47659872051618,18.5487210038691,2022dec05
ZTF19abalrbb,273.342558,11.492815,fritz,2019iaf,ZTF19abalrbb,0.04994214,58660.16801451769,0.00046075935609009056,-2.4607784891303393,0.36301092298768095,0.1184023833056814,3.1,0.0,0.13188363394510816,2.1509390115429964e-05,0.11150305654349602,0.03855920380145547,0.0,0.0,-1.342793138097982e-07,-0.004815783936216401,-0.0002397841157690623,-1.7313815951991864e-07,-7.722059672713603e-07,0.0003626199310685392,0.8570170934422735,1.0,1.0,100.0,18.767084597070234,18.445416177148438,2022dec05
ZTF19abcttsc,16.675846,49.234484,fritz,2019klr,ZTF19abcttsc,0.02287915,58675.8386134337,0.002297128055872117,-1.9376267563298917,0.3530520899233178,0.118471330977285,3.1,0.0,0.19308099363843212,8.216191285188618e-05,0.06905164117553597,0.0318150498198389,0.0,0.0,-3.2834832226461907e-06,-0.004744275244119007,-0.00014833475312827762,2.4589378579987667e-07,-2.213456779756559e-06,-0.00022208680572201022,1.5254197477182033e-19,1.0,0.0,98.91304347826087,17.028558311999795,16.72966805826176,2022dec05
ZTF19abfwdyt,177.181989,14.051218,fritz,2019lek,ZTF19abfwdyt,0.01063156,58689.52094846848,0.006466034056291642,1.233779706251105,0.3604529066444033,0.041154157583795384,3.1,0.0,0.9384806936541281,0.0009902714273861907,1.4109937131542314,0.07569898165079025,0.0,0.0,-0.0006305086431329134,1.2278205941336133,0.06071378407630791,-0.0012742802026198688,-5.647078726176558e-05,0.08831894085600832,0.4012056246167471,0.0,0.0,0.0,15.906696085531246,15.674835284141214,2022dec05
ZTF19abggmim,214.87674,18.562067,fritz,2019lnz,ZTF19abggmim,0.06470015,58682.26139728378,0.0002502621627487919,-2.5934809722687846,0.18398892052758462,0.017544486874113113,3.1,0.0,0.36177275777663453,1.4307406214001764e-05,0.5751941365845188,0.05696031891936726,0.0,0.0,-1.4996502186422514e-06,0.09955520494995818,0.005464141253118638,-3.2530426532259258e-06,-6.49621223650433e-07,0.006734709615507803,0.34871238734439475,1.0,1.0,100.0,19.507235442668424,19.38639555856572,2022dec05
ZTF19abhbjge,240.955185,-6.595602,fritz,2019lpu,ZTF19abhbjge,0.03828315,58690.783818070806,0.001214279437283599,-2.7399023939163456,-0.07539703027374528,0.17919405326124935,3.1,0.0,0.4470136862473737,6.612732473145898e-05,0.49773727979440485,0.07178045934516258,0.0,0.0,2.7562743785707124e-06,-0.002271810585004526,-0.0047439888660193875,8.446524274327632e-08,-3.4526187444259458e-06,-0.010026642580118657,0.493982425161518,0.0,1.0,100.0,17.89853937280604,18.074641327964237,2022dec05
ZTF19abiahik,301.52572,8.152337,fritz,2019mad,ZTF19abiahik,0.03345981,58696.20700750279,0.0007993664098390906,-2.3552047545790007,0.014170984907612375,0.10258656509113145,3.1,0.0,0.12580290381083614,2.983743095367515e-05,0.09089010616342419,0.032828746046754356,0.0,0.0,3.6974856326453947e-07,-0.0031965681259328955,-0.0007028059538629682,-3.167768371860296e-07,-8.665043123712793e-07,5.128131401693489e-05,5.223449853902257e-81,1.0,0.0,94.55128205128206,18.31762870329101,18.397149423656423,2022dec05
ZTF19abioohk,328.812506,-12.149083,fritz,2019luv,ZTF19abioohk,0.05857461,58690.866616149055,0.00026898738051541637,-2.6068221872090573,0.4407772261768912,0.03016051680440892,3.1,0.0,0.38929512676259037,1.3680211616895683e-05,0.5259323887051273,0.04485344821267381,0.0,0.0,-1.5826220789345805e-06,-0.04448956405083468,0.0014535878367425605,-1.9354765676196365e-06,-5.150875690688841e-07,0.005710662827073726,0.02830992810929762,1.0,1.0,100.0,19.3161809933481,18.903624780021183,2022dec05
ZTF19abjpkdz,38.996982,10.441984,fritz,2019mbm,ZTF19abjpkdz,0.05643571,58699.501806277156,0.0004946830669287203,-3.0221864684416406,0.1038772151883106,0.08859897262136979,3.1,0.0,0.1199376659023983,1.6603606532413965e-05,0.2055628654294921,0.03220732874856234,0.0,0.0,-1.5823566728371464e-07,0.0008978131207682222,0.0002825401977692191,-6.662448803408768e-07,-4.510901401844954e-07,0.0007552454653259838,7.586790733369635e-07,1.0,0.0,100.0,18.79986974616633,18.76239036449039,2022dec05
ZTF19abkbkyb,324.89401,8.880148,fritz,2018enb,ZTF19abkbkyb,0.02842633,58337.8184507652,0.001485978064334491,-3.7213325364737506,0.17107159538167807,0.044352912751055865,3.1,0.0,0.20601569795326213,5.8497828019917625e-05,0.4217699927303049,0.03904805434460831,0.0,0.0,2.0541250074432597e-06,-0.008687953157941554,-0.00022430705350392645,-6.062793524168197e-06,-1.8872432077833137e-06,0.003101058339234663,0.011348414230350294,1.0,0.0,100.0,17.575469368933774,17.446477359070094,2022dec05
ZTF19ablusdf,288.784321,42.062023,fritz,2019njx,ZTF19ablusdf,0.05797344,58707.76642649798,0.0004291756375951025,-2.740463216432607,0.2769452325977262,0.08530056916523626,3.1,0.0,0.08353437521509477,1.415442723010939e-05,0.09421192235673681,0.029706247671465208,0.0,0.0,1.285954521892076e-07,0.0012310060181832125,-0.00014066749416102498,-1.1727220032311605e-07,-3.681039604371512e-07,0.00014772059317111146,0.11556569245090682,1.0,1.0,100.0,18.881279679247772,18.651205764100588,2022dec05
ZTF19abpqvdh,346.419808,27.665935,fritz,2019noh,ZTF19abpqvdh,0.02458318,58713.93856307908,0.00029369625655260607,-2.764900904443673,0.9873369587732981,0.09941478695419725,3.1,0.0,0.3187871349255147,1.4792693653149558e-05,0.16321823353647624,0.04141999639788685,0.0,0.0,-1.452176234382485e-06,-0.017898202866867895,0.0008148950782680725,-2.1908407869564174e-07,-5.374323842125564e-07,0.000555866107059384,6.3784903619390555e-24,1.0,0.0,98.01980198019803,18.956811036804176,17.937764266828953,2022dec05
ZTF19abzlsbl,58.044656,-8.506372,fritz,2019qih,ZTF19abzlsbl,0.03550981,58752.65629178572,0.0011299906368566937,-2.4769553975895344,0.1821456820816941,0.06751644442413324,3.1,0.0,0.1109888682331075,3.992407614929986e-05,0.15724624517340335,0.03362950165845617,0.0,0.0,2.9071119747614517e-08,-0.00037553720329886104,0.00014188629891905412,-1.473160309037549e-06,-1.1334503290547505e-06,0.0005531852908130176,5.300215633987834e-20,1.0,0.0,100.0,17.871638277864548,17.755332803313124,2022dec05
ZTF19abzprpk,15.12732,25.594301,fritz,2019qkz,ZTF19abzprpk,0.06716557,58750.12506434412,0.00042094596494068675,-3.056397624543815,0.2555331224424842,0.05236946586001342,3.1,0.0,0.19187709940160858,1.5548177170607037e-05,0.1934004945583936,0.033688203164646116,0.0,0.0,-1.761662974150653e-07,-0.012442357136419526,-0.00023207923658809807,-6.240606066013282e-07,-4.4160510949355126e-07,0.0008252608520801013,0.15072626764700714,1.0,0.0,100.0,18.91072313108279,18.69841393677914,2022dec05
ZTF19acavtco,110.280045,39.818197,fritz,2019rnz,ZTF19acavtco,0.07033797,58755.66329176057,0.00018957810673641363,-2.311194985755341,0.4697125716897681,0.051813067754947,3.1,0.0,0.2544433381190174,8.623538605096953e-06,0.08872746534480958,0.041380167009665236,0.0,0.0,-4.1294222970978145e-07,-0.004099743814589282,0.0009701425692791936,-2.347856065099102e-08,-3.062415506679301e-07,-0.0007771197126078367,0.2677397199765324,1.0,1.0,100.0,19.683639920725398,19.245231916956847,2022dec05
ZTF19acazpyz,30.446683,-1.340978,fritz,,ZTF19acazpyz,0.03827648,58756.30355906832,0.0001041638928637321,-4.999999999999987,0.6743485550781657,0.02832574273521811,3.1,0.0,0.28330692804956925,8.542466594747703e-06,0.7004882048814944,0.06969178910367652,0.0,0.0,-3.665342898010126e-07,9.21930346285032e-11,0.0025074853517414817,-1.6699159848610992e-15,-5.392916325935966e-07,5.7415609316554e-12,0.0032235722016185336,1.0,0.0,100.0,20.231365302814982,19.50394130573313,2022dec19
ZTF19acblzux,54.489145,-5.000729,fritz,2019rlq,ZTF19acblzux,0.03603159,58759.719673581094,0.0002912538373947704,-3.9431780117636914,0.5637368241913393,0.043116141917794296,3.1,0.0,0.20704976071647252,1.283344140147458e-05,0.2564517786798519,0.04300483291868906,0.0,0.0,-2.983704858888691e-07,0.010319001466449599,0.00025210380738428095,-5.332238414713338e-07,-4.6606177467926e-07,0.0010165307747574336,7.350027918013958e-08,1.0,0.0,100.0,19.16990226634983,18.589634560371348,2022dec05
ZTF19acgldqr,5.61754,-4.836362,fritz,,ZTF19acgldqr,0.03924715,58782.340354082495,0.00012288547759172958,-4.999999999893101,0.7412081760027737,0.02621642590545268,3.1,0.0,0.3562531812021916,1.2084387191553716e-05,0.8151085858975482,0.09043783584654691,0.0,0.0,-1.2807121295181344e-06,-9.188317478470651e-10,0.007857258363265857,1.0601227724184534e-13,-9.614257568323747e-07,1.9259999033381806e-10,0.043298114191679817,0.0,0.0,100.0,20.019764578878096,19.21778193087925,2022dec05
ZTF19achahea,124.648259,56.571874,fritz,2019sua,ZTF19achahea,0.04534772,58777.954882604645,0.0004556781827219864,-3.4693914384861766,0.3168298606864178,0.0676825797909049,3.1,0.0,0.3363251381815644,2.49489056012384e-05,0.4846775710262212,0.05691997231623816,0.0,0.0,-1.1808615292405121e-06,0.036558599745112226,0.0013229372957199793,-2.11652091770186e-06,-1.1252205395728241e-06,-0.0011826763337256603,0.0013186051708150718,1.0,0.0,100.0,18.79681296817723,18.50592315449478,2022dec05
ZTF19achetvw,6.42525,8.635628,fritz,2019tkn,ZTF19achetvw,0.04362018,58786.61860876103,0.00031975492903837667,-4.999999475743156,0.5167921439805295,0.04586794382336714,3.1,0.0,0.18635907210045843,1.3464187692438176e-05,0.17933087345701137,0.041535544026129634,0.0,0.0,-2.412556901619995e-07,-7.948016517534806e-09,0.0004478215673196715,4.677486581862793e-13,-4.70449211850151e-07,-7.368483964798937e-10,0.021964342825287374,1.0,0.0,100.0,19.087407235952245,18.537167414329478,2022dec05
ZTF19acxngol,125.922972,21.434487,fritz,2019wdx,ZTF19acxngol,0.01712042,58818.900001216556,0.012629192228390877,-2.3282534562327335,-0.39977997843655183,0.042118274434949324,3.1,0.0,0.6855618235604197,0.001192376953078782,0.38104288356638694,1.5947666805856748,0.0,0.0,-1.1080691295938627e-09,5.21826000800163e-08,-2.345567307015809e-11,-0.00011308256332279203,-5.835084606658357e-05,-0.0001860450189832368,0.047652874892899225,0.0,0.0,100.0,15.4803034740579,16.04609245203439,2023jul25
ZTF19acyftrs,51.676589,-23.498852,fritz,2019vuh,ZTF19acyftrs,0.03625842,58828.162737325874,0.000379214951397422,2.244495703493687,0.7994665465207041,0.01946151659978713,3.1,0.0,3.2464902190222347,5.289421948437441e-05,2.9688267055281834,0.120423148409114,0.0,0.0,2.744260151447168e-07,-10.299467309175897,-0.17478628227133747,-1.987002347637214e-05,-5.537880497262185e-06,0.1724583849206228,0.8268999008648085,0.0,0.0,100.0,18.77742837908167,18.094708409664328,2022dec05
ZTF19acynije,6.094163,38.197464,fritz,2019wup,ZTF19acynije,0.01984706,58844.48434838349,0.0036275772918983153,-2.196394063414064,0.20293993184528683,0.053124433084554626,3.1,0.0,0.12748128710882156,0.00013854581869694586,0.10932277970782245,0.03635055845756524,0.0,0.0,-1.3423816557969459e-06,0.000508665948308088,-0.0002204450886855422,-2.2058380122799096e-06,-4.2120211392727186e-06,-0.00028548448615042945,1.4009805421757525e-17,1.0,0.0,97.43589743589743,16.597180905716527,16.462995597268556,2022dec05
ZTF19adcdgca,137.224632,55.319128,fritz,2019zbq,ZTF19adcdgca,0.04677729,58855.932117560944,0.0005702768345918889,-1.9113227394165238,0.33403750249727643,0.01595986942443971,3.1,0.0,0.09468676883261651,2.003692743148401e-05,0.1012931418929629,0.03181464889427754,0.0,0.0,6.319656487180742e-08,-0.001353146649862936,-1.6658488850562395e-05,-5.508841257565638e-07,-5.595951529072378e-07,0.0006150240102570626,5.070981270251702e-12,1.0,0.0,100.0,18.549789188140696,18.272939472768282,2022dec05
ZTF20aabqdbo,183.907385,27.02437,fritz,2020dg,ZTF20aabqdbo,0.02540906,58856.904487527034,0.000701985099186005,-2.662108362428704,0.45228389987827144,0.016584949700321806,3.1,0.0,0.1382583447084471,2.6140632108430394e-05,0.08828825348768321,0.03275849661643507,0.0,0.0,-8.055359479784935e-08,-0.0014421302876869231,-0.0005546598444378732,-3.302038253253664e-07,-7.40021636732084e-07,7.50030091151598e-05,1.443053238231665e-52,1.0,0.0,97.36842105263158,18.269332764500092,17.842609959545463,2022dec05
ZTF20aaflaug,181.443008,54.389482,fritz,2020aei,ZTF20aaflaug,0.05064584,58871.421574542524,0.0004144862553805346,-3.1329316824765474,0.2487344938610707,0.01321686251420471,3.1,0.0,0.08257573720766231,1.4813725078819545e-05,0.08997984508066015,0.030338364807058052,0.0,0.0,2.3425997472970006e-08,-0.00041290934532715754,-3.8954343671332895e-05,-2.548116906021208e-07,-3.9788334603730855e-07,0.0002513910138564366,2.4011174027062913e-25,1.0,0.0,100.0,18.93023804740268,18.72410115553262,2023jan01
ZTF20aafqpum,46.527005,13.913453,fritz,2020yo,ZTF20aafqpum,0.0856071,58859.43932371275,0.00012187477233588134,-4.547055148548957,0.07733685850840638,0.17025536083956574,3.1,0.0,0.9533355151106662,1.4708431575223965e-05,1.2158397089262154,0.13623110223763665,0.0,0.0,-9.170903398940494e-06,0.4892974814990394,0.06199791238109978,-9.325070365347197e-06,-1.4919657140049191e-06,0.05176210553954603,0.06572056109877175,0.0,0.0,100.0,20.327327973082177,20.290853197476665,2022dec05
ZTF20aagloch,142.164449,55.176545,fritz,2020ago,ZTF20aagloch,0.04832407,58875.39374693429,0.0006116100707091398,-3.1126943869480685,0.15425991442729964,0.01764901512118492,3.1,0.0,0.07027244490018347,1.9232966005637076e-05,0.08095044779248184,0.029353321585114264,0.0,0.0,-3.283598420248498e-08,-0.00033998242252249704,1.7075685996035064e-05,-1.2589442564769307e-07,-4.864976584592678e-07,0.0001009140636358508,7.010921497558464e-15,1.0,0.0,100.0,18.548158378188198,18.450791479827974,2022dec05
ZTF20aahaxjl,113.682055,18.042516,fritz,2020amt,ZTF20aahaxjl,0.04374722,58879.338158669176,0.0007198198208925964,-3.953059224490119,0.13862456378554408,0.03292685372153542,3.1,0.0,0.14840640716283815,2.4051136849334467e-05,0.1450607329210527,0.032045290523055485,0.0,0.0,-6.352289467485176e-08,-0.005885657740515643,0.00035319370734512395,-2.2617427473787005e-07,-6.527175088802067e-07,8.522356154168391e-05,0.00020742201236681435,1.0,0.0,100.0,18.375406869824435,18.27928326020495,2022dec05
ZTF20aaivjce,43.949312,15.100342,fritz,2020bdf,ZTF20aaivjce,0.03611422,58880.43041396513,0.001120855162787674,-3.376641075728793,0.19564368338537563,0.09521610084574274,3.1,0.0,0.27307025943446206,7.808590115205769e-05,0.3743363159301336,0.06050521069888551,0.0,0.0,-9.773337186960712e-07,0.0026760905770136694,-9.088254229711827e-06,-1.2526293464158673e-05,-4.227882836617958e-06,0.007534535431592526,0.023166951069372194,1.0,0.0,100.0,17.8722013851483,17.721889676691656,2022dec05
ZTF20aakhpmp,350.455457,3.828344,fritz,2020khr,ZTF20aakhpmp,0.03092473,59014.267275170394,0.00036059859625820655,-0.006051081612109344,1.1999999999991657,0.059141549981537325,3.1,0.0,1.060756205173675,1.8504628109845464e-05,0.21822030311457613,0.017916840367379838,0.0,0.0,-1.6049300349156927e-05,-0.03898028193547706,-5.832861488157948e-11,-7.062654133985833e-07,-1.6671182046949454e-15,-1.063226681046893e-11,2.17456001970223e-15,0.0,0.0,100.0,18.628676680101876,17.456627645321383,2022dec05
ZTF20aammhli,269.048749,62.757103,fritz,2020cdj,ZTF20aammhli,0.02427873,58899.72151786002,0.0016355356674094864,-2.1720570230871132,0.3673211036702507,0.034306130547769494,3.1,0.0,0.1127639940204972,6.066991437636527e-05,0.1650677615581415,0.03478719847207282,0.0,0.0,-1.2265462117814872e-07,0.005673979449704209,0.00016619205500405845,-2.7226341160748892e-06,-1.8200535499732727e-06,0.0010398036079839758,2.2673512517061668e-10,1.0,0.0,100.0,17.390442184771302,17.070262153396204,2022dec19
ZTF20aascttq,239.172403,23.263965,fritz,2020dve,ZTF20aascttq,0.04541383,58928.1135811225,0.0003794219569155099,4.949032061334624,-0.2214673287858684,0.05630648378794704,3.1,0.0,19.266633891311358,0.0007182759436038509,9.903780554478278,1.5098529456328171,0.0,0.0,-0.007351764224060429,-234.67850391745975,40.92470904278468,-0.007419907003984426,-0.0010348177335542203,-8.001530888544131,0.0,0.0,0.0,100.0,19.136588567828657,19.688677521173936,2022dec05
ZTF20aattotq,217.13333,27.408316,fritz,2020fcw,ZTF20aattotq,0.01499923,58937.19272702868,0.004154732850258714,-1.4602041018275453,0.34484863373944197,0.02062128670783318,3.1,0.0,0.3316386392216373,0.00015467248759851908,0.08418490219043484,0.034398922731704834,0.0,0.0,-5.262424844351464e-06,-0.014433130198848705,-0.0019787822838165507,-2.757921833369521e-07,-4.289050875912994e-06,-0.0002556610354526858,5.8302603362152475e-15,1.0,0.0,100.0,16.38996229865048,16.110989278551042,2022dec05
ZTF20aatzwgk,240.276132,19.450205,fritz,2020fhs,ZTF20aatzwgk,0.01437717,58949.264521681725,0.0046493465716694795,-1.008865093459846,0.30848012266571095,0.031120618960336164,3.1,0.0,0.1726047354786715,0.00018099876171461795,0.1010070745505014,0.033594842532094715,0.0,0.0,1.971766489110431e-06,-0.003595534261306649,-0.001294145383377025,-5.1267916178397995e-06,-5.01510673364637e-06,-0.00010752468888796833,5.128283813897834e-64,1.0,0.0,79.24528301886792,16.284930535546223,16.057094963415217,2022dec05
ZTF20aaurjzv,233.468498,56.691012,fritz,2020gkz,ZTF20aaurjzv,0.03957643,58953.7524141872,0.0001553939410696219,-2.6469434841010564,0.760163166123625,0.0142699984049398,3.1,0.0,0.30776771044838824,9.760044887848011e-06,0.18070914870537202,0.048710836456771545,0.0,0.0,-1.0966203029390264e-06,-0.007053534117409097,0.002921089661658308,-3.4426681258310577e-07,-4.2829130408285496e-07,0.0008043175810663033,2.6307012187563196e-10,1.0,0.0,100.0,19.76170479498713,18.993164031847755,2022dec05
ZTF20aayjyhp,273.932003,58.215327,fritz,2020jdo,ZTF20aayjyhp,0.07130965,58983.14564511602,0.00046581988708612664,-2.509970911107611,-0.002985363814292471,0.03032575831999641,3.1,0.0,0.09258973155010608,1.514621062352774e-05,0.09213818626730763,0.0309772362363342,0.0,0.0,-8.472070815684056e-08,0.0008733305369010263,8.35330490044199e-05,-1.6426017588985162e-07,-3.966218181225339e-07,-1.7706026069933748e-05,0.002556257667931196,1.0,1.0,100.0,18.91046194785376,19.00679405312084,2022dec19
ZTF20aaywban,183.475519,55.916629,fritz,2020jns,ZTF20aaywban,0.03106975,58985.60399548642,0.000326013176750794,-2.557045563309363,0.5720128672269822,0.011511861919651367,3.1,0.0,0.12658814811948105,1.2122473336066784e-05,0.18346245687066198,0.03520517163457959,0.0,0.0,-6.789352871090911e-08,0.004238540079856045,0.0003337777971423279,-2.6836626693010906e-07,-3.624660971779186e-07,-0.00013638512862228458,1.5827985699193324e-25,1.0,0.0,88.67924528301887,19.047196469169993,18.48890367965166,2022dec05
ZTF20abbzmue,170.109255,-5.457157,fritz,2020ldp,ZTF20abbzmue,0.0392,59004.707387628136,0.0009761432230193604,-4.166983262049281,0.0939308086161976,0.03530921308624259,3.1,0.0,0.3470200317169656,6.641447006204587e-05,0.743033576759917,0.07171685381167936,0.0,0.0,-8.477875471863588e-06,0.17497991018573777,0.005333052130269278,-2.199730112066835e-05,-3.7223874439585787e-06,0.011154462693489905,0.0009234192503513044,0.0,0.0,100.0,18.062640510073432,18.014153094792647,2022dec05
ZTF20abegopd,259.030953,40.786563,fritz,2020mfd,ZTF20abegopd,0.049871,59014.28784207383,0.00014620454371685364,-3.019932616260383,0.8252979704113057,0.025261426302806676,3.1,0.0,0.137002466883132,5.238026656149896e-06,0.1137892093447388,0.03039802125354074,0.0,0.0,-1.6540439344627107e-07,-0.0029299380315527404,0.0007119843057170214,-2.252948378548384e-10,-1.412076200543346e-07,-0.00018642564107615656,2.4899237493883827e-50,1.0,0.0,98.34983498349835,19.79501770282522,18.946061082553,2022dec05
ZTF20abhvnzc,228.188024,41.233687,fritz,2020nln,ZTF20abhvnzc,0.02784495,59029.037839667224,0.0008820748323593031,-3.2093358361219777,0.36118712677892295,0.015800395731094694,3.1,0.0,0.17236961914750282,4.1256664709833494e-05,0.17992975712086112,0.04285292561739401,0.0,0.0,-1.4976987763829987e-06,0.0011427869777331187,0.0007133934970699173,-2.272553467994018e-06,-1.5125270163516331e-06,0.0012420274515808295,1.0748011010633764e-18,1.0,0.0,100.0,18.06083590262879,17.725027159763865,2022dec05
ZTF20abjapav,241.847242,13.892683,fritz,2020nta,ZTF20abjapav,0.03373047,59035.446653301056,0.00016078408743750954,-2.653746682594718,0.8776475698950236,0.03377399554135208,3.1,0.0,0.24703693821720663,1.1476027976562185e-05,0.24134385281901438,0.05572601532873123,0.0,0.0,-5.2234558976473e-07,0.0055654188783055645,0.0011135795683553835,-1.0425026096985324e-06,-5.811707213241341e-07,0.0031553018151650927,8.500865312965516e-10,1.0,0.0,100.0,19.66668196919549,18.76943387660066,2022dec05
ZTF20abmddts,21.434143,2.436232,fritz,2020pwu,ZTF20abmddts,0.05971527,59054.33122143324,0.0001692490491778591,-3.076605825220585,0.47083996469455747,0.02431048022763861,3.1,0.0,0.20165779045419185,7.971133582584632e-06,0.2273917626869444,0.04285472965403164,0.0,0.0,1.2634092747375347e-07,-9.996595740152896e-05,-0.0008678693151332732,-2.922068547713233e-07,-2.941439137746636e-07,2.6842674766239833e-05,8.637451021904674e-05,1.0,0.0,100.0,19.80432401697785,19.347542939401492,2022dec05
ZTF20abrjmgi,197.657419,36.628823,fritz,2020qxp,ZTF20abrjmgi,0.00363998,59086.632260398044,0.02315853514484828,0.6749358787640704,0.49865692146433205,0.00957726280136376,3.1,0.0,0.1174656728071568,0.009421676915042539,0.22714787751109658,0.274817248332269,0.0,0.0,-0.00025917877963198234,0.005695168942930742,0.007695477404862598,8.247942623013561e-05,-0.002644208578134856,-0.0026174821570476396,0.9997679423489741,1.0,0.0,100.0,14.458883057359401,14.059786034843114,2022dec05
ZTF20abtctgr,345.290108,23.487143,fritz,2020rlj,ZTF20abtctgr,0.03976084,59088.52789218138,0.0006897812143148685,-2.5178007003654472,0.22230173759208424,0.10784501297355857,3.1,0.0,0.07249960863919114,2.2169076374477757e-05,0.0735610698898721,0.028605980613416473,0.0,0.0,1.148534484160666e-10,0.00018312637884251563,-1.5958585691582915e-05,-7.652648379258902e-08,-5.482032387261264e-07,-0.00011777047613902206,6.122241274065996e-43,1.0,0.0,99.62406015037594,18.3902931163418,18.22722617049691,2022dec05
ZTF20abxkwca,125.132445,56.475698,fritz,,ZTF20abxkwca,0.02779677,59100.25953495656,0.0006966910301103252,-0.7342096470520347,0.16740960715769407,0.07331226786696513,3.1,0.0,0.1834157515586412,4.6740819879542814e-05,0.21788407967770157,0.04792332968449742,0.0,0.0,2.4902398398442785e-06,-0.004974307890689272,-0.002640746435694291,-5.8090663941128475e-06,-1.8418986322675464e-06,0.0014166319811733607,0.0001487120984931758,0.0,1.0,100.0,18.40736519243831,18.345170912091376,2022dec19
ZTF20abxlham,249.367988,62.94332,fritz,2020sii,ZTF20abxlham,0.06052155,59100.04817499081,0.0005876346405113748,-1.7062430623507805,0.08551606594187605,0.029416320860283902,3.1,0.0,0.24131338702864014,2.0909996551277154e-05,0.24932913942344104,0.03276972842131046,0.0,0.0,1.2062991465698538e-06,0.022512584392465448,0.0002233397833282188,-3.542382083095955e-07,-5.367165382764889e-07,0.0003548747963859406,0.9286813308429116,1.0,1.0,100.0,18.62419996382617,18.63468865782898,2022dec05
ZTF20abzettb,61.850237,30.28871,fritz,2020szq,ZTF20abzettb,0.01855283,59106.12119982884,0.0007863463071491678,-2.793254446793727,0.989827975115002,0.5414600907253273,3.1,0.0,0.4289483640968683,5.222984955865275e-05,0.23082608287343986,0.050600026338324666,0.0,0.0,-7.355249006472903e-06,-0.0183260862799246,-1.223320440357552e-05,-1.0405668441894208e-06,-2.3283841168724274e-06,0.000965424190293582,5.011480338773767e-25,0.0,0.0,100.0,17.8861799588693,16.863730397249384,2022dec05
ZTF20acbakkg,279.050671,77.149931,fritz,2020ttf,ZTF20acbakkg,0.03966769,59118.18869126144,0.00037942082820661364,-3.0760513249184376,0.5909068766985633,0.07295508293411858,3.1,0.0,0.1391725614957977,1.548274430166735e-05,0.20679677333096635,0.03664564495148459,0.0,0.0,5.4422560220715963e-08,0.00014816887890173498,0.00016247657571980147,-9.198369646825791e-07,-4.981793906708881e-07,0.0015434229549077427,1.425102423776624e-22,1.0,0.0,100.0,18.87233534426577,18.281114262602244,2022dec05
ZTF20accoccp,331.26325,-9.024275,fritz,2020txx,ZTF20accoccp,0.0639352,59123.4781895958,0.0006404166044402888,-2.386720397429454,0.015320103644946053,0.027678380272329134,3.1,0.0,0.13741827061676304,2.5296315374064005e-05,0.15577546501915895,0.03528479167380883,0.0,0.0,-8.269243710207787e-07,0.005175726022671412,0.0003607056566293483,-1.4279073695487305e-06,-7.527557219005128e-07,0.000976705902849736,0.9729963429454999,1.0,1.0,100.0,18.557779372389977,18.635343047592862,2022dec05
ZTF20acduffd,37.838195,43.464762,fritz,2020uea,ZTF20acduffd,0.01954352,59126.206831167976,0.0007799350138213653,-3.698978834093076,0.6810676634430903,0.0718223589280185,3.1,0.0,0.22643606776182423,0.0006076108068858206,0.2495135045571153,0.4945763568022663,0.0,0.0,-1.3449460314836112e-05,0.004674367554950237,0.012156458743392927,-1.5631947746163487e-05,-0.00032800677453973675,0.012882690076781651,0.04039637079262944,1.0,0.0,100.0,18.0457055506416,17.339945285572984,2022dec05
ZTF20acgkuay,270.744709,52.1151,fritz,2020vae,ZTF20acgkuay,0.04845686,59133.210281344545,0.0005035304575749629,-2.4038112691524343,0.29082646064603596,0.042396163850370316,3.1,0.0,0.767619622653001,5.1165703718515415e-05,0.9230612902570556,0.16988037919952734,0.0,0.0,-8.48291833991313e-06,-0.0027904519670471466,0.002318928546567636,-1.678492714031513e-05,-5.676234412010148e-06,-0.003621508692987442,0.999922481596231,0.0,0.0,100.0,18.702650957528242,18.46398730783993,2022dec05
ZTF20acgyulx,256.233503,21.007407,fritz,2020vbu,ZTF20acgyulx,0.05506872,59133.22218305854,0.0003837809245319178,-4.071928041637648,0.269996654086336,0.05385968471105986,3.1,0.0,0.21629063928048708,1.5660536199183195e-05,0.30618088421014433,0.03798780123157912,0.0,0.0,-6.166982134559678e-07,0.006070806406191376,0.00026626561399855253,-1.0747394660598626e-06,-4.907784557514684e-07,0.0011530750485105503,0.28519419933552326,1.0,0.0,100.0,19.00197207074138,18.752149659086058,2022dec05
ZTF20aciigcw,14.709354,12.940049,fritz,2020vzp,ZTF20aciigcw,0.04215177,59139.807676669734,0.00044794056917702075,-3.5634202345921984,0.3067973436602009,0.06130819470715941,3.1,0.0,0.2241781284865283,1.9296372853698274e-05,0.3615517882543611,0.04464397550823093,0.0,0.0,-1.0470062503016543e-07,0.021207776544707978,0.0006811106622067503,-1.2203501909136558e-06,-6.970674110472298e-07,0.0012059554829754913,1.7957723678280236e-09,1.0,0.0,100.0,18.81954201682934,18.538122016987845,2022dec05
ZTF20acimjmc,40.476516,46.669963,fritz,2020vzj,ZTF20acimjmc,0.03256253,59138.99609029251,0.00027673682081712854,-2.916492188713446,0.6698996871440497,0.164360764057594,3.1,0.0,0.2774589820437541,1.4852485051951173e-05,0.3413459424715468,0.05023218732404394,0.0,0.0,-5.343719789979144e-07,0.009387611861288302,0.001660819349826109,-6.255349858446518e-07,-6.453244297252186e-07,0.0001843960049709195,2.7960015130369272e-14,1.0,0.0,100.0,19.177999482012176,18.502671263766494,2022dec05
ZTF20acmuzkw,96.158338,-23.733062,fritz,2018fhx,ZTF20acmuzkw,0.0232661,58398.658734706405,0.0009236471080457726,0.6203299196529865,-0.3999999404690711,0.047944605710389825,3.1,0.0,1.7431256523595948,5.9015601582904466e-05,0.5922492160347583,0.013240408224334366,0.0,0.0,-2.3892396366474863e-05,-0.6347954586918556,9.321101209020433e-09,-1.585681785842189e-05,-1.1670813458430944e-12,3.451654619580529e-10,0.0003849670653667901,0.0,0.0,94.73684210526316,18.32789142424781,18.948559743460937,2022dec05
ZTF20acnrphs,269.992416,68.497954,fritz,2020yig,ZTF20acnrphs,0.03187141,59155.99046644228,0.0007618367387168738,-4.185646648861099,0.3783714060408674,0.05101047204262242,3.1,0.0,0.2647804503540101,3.320438369221093e-05,0.6818967431101868,0.043261207276448915,0.0,0.0,-2.4239033604915305e-07,0.047786826791660006,0.0016870858939615414,-5.519938496234947e-06,-1.2035263015375673e-06,0.006764095605958254,0.5737133541870569,1.0,0.0,100.0,18.209637795810007,17.833637903531123,2022dec05
ZTF20acnznol,156.798707,10.02489,fritz,2020yje,ZTF20acnznol,0.03236156,59155.214952596194,0.0004041446218120064,-2.830756655050884,0.5453668855531049,0.03256439866146623,3.1,0.0,0.3390144895747653,2.4084527056464182e-05,0.3012716646722118,0.05131221532379465,0.0,0.0,1.210809592500067e-06,-0.04125479138798512,-0.0014975799933905868,-2.3438120540085976e-06,-1.097814027507157e-06,0.002963647968822744,1.3696116403151725e-13,1.0,0.0,100.0,18.82565835182114,18.290836642212703,2022dec05
ZTF20acquetr,165.797431,41.706481,fritz,2020zsp,ZTF20acquetr,0.0307913,59175.44140157684,0.0007381258360112789,-2.34961608460411,0.3990149555282134,0.008915018348820657,3.1,0.0,0.15355582692063763,2.8374421507169076e-05,0.21422928974214095,0.0370599770620548,0.0,0.0,-3.4542690431919466e-07,0.011136386059829606,0.0002709601732472779,-1.4302927159609867e-06,-8.730482958074688e-07,0.0007106381152607732,3.7874347582744925e-16,1.0,0.0,100.0,18.239657722688612,17.87981808958749,2022dec05
ZTF20acrheie,81.313147,-8.626019,fritz,2020aarw,ZTF20acrheie,0.04943086,59178.99097821957,0.0008532763366062113,-3.2847099892011724,0.25823647996459637,0.1453479254486209,3.1,0.0,0.1361008546919038,3.258342679645656e-05,0.17684464036328396,0.03800831400500429,0.0,0.0,1.6335114915679742e-07,0.005075972971625397,-0.0005623330884744809,-1.412276367522742e-06,-1.0300540422076061e-06,0.0009132099796591836,1.7710371187787658e-05,1.0,0.0,100.0,18.141763428921468,17.921607979305197,2022dec05
ZTF20acuoacn,123.85227,-6.957706,fritz,2020abmg,ZTF20acuoacn,0.04679237,59191.369551107106,0.0006403290025187168,-0.5277175013019304,0.2198278774158266,0.08505695781929473,3.1,0.0,0.23666219138613087,2.740708839391601e-05,0.22982706422347407,0.039422845697543216,0.0,0.0,-5.351717082160317e-07,0.004931972267109864,0.0007599441618101524,-8.693060081727933e-07,-9.275222726626894e-07,-0.00025758059455637525,0.7691118661502285,1.0,1.0,100.0,18.4769968649364,18.360034466622867,2022dec05
ZTF20acuosvy,187.209421,-1.944161,fritz,2020abgq,ZTF20acuosvy,0.00773535,59190.612324702,0.0016063604920114652,-2.4039455256061615,1.0340280215122601,0.021768332458058124,3.1,0.0,0.20224768218031386,8.467702891981458e-05,0.14956517758790477,0.04639763975413591,0.0,0.0,7.523372053399316e-06,-0.006589795930962307,-0.00363783380964256,-2.9330565951061545e-06,-3.4970420967366107e-06,0.00023382252005449303,3.7560689000838255e-05,1.0,0.0,100.0,17.088807980490284,16.028539492026493,2022dec05
ZTF20acvbrbv,24.102286,22.049792,fritz,2020abpe,ZTF20acvbrbv,0.04717255,59192.99030668463,0.0003965566813112656,-2.606099852453526,0.2914533665236618,0.06625518030035543,3.1,0.0,0.2586395313956018,1.793506747453259e-05,0.20714102685173996,0.041747302300910755,0.0,0.0,-4.2266862442434577e-07,-0.010661715335333988,7.328967490206461e-05,-3.8291415353866707e-07,-6.200555066441379e-07,-0.0008757030513773024,3.7165642577297114e-08,1.0,0.0,100.0,18.961143268885017,18.71742731547575,2022dec05
ZTF20acwgnxk,0.757988,53.891358,fritz,2020acfh,ZTF20acwgnxk,0.0398,59197.971473485966,0.0008562075468640737,-2.7165753902468186,0.0760174800453633,0.2571896450015677,3.1,0.0,0.20765092415967956,3.7455939578263974e-05,0.19528880253769088,0.041490297972790045,0.0,0.0,4.5354133783357545e-07,-0.00304352567915794,-0.0006964614416087112,-1.3509831317657222e-06,-1.3133048484208115e-06,0.0003260399693859728,1.5194943048691523e-06,1.0,1.0,97.61904761904762,18.216663340569543,18.21747052091465,2022dec05
ZTF20acwpbgv,131.58836,-12.656003,fritz,2020acbx,ZTF20acwpbgv,0.04857876,59194.55034578845,0.00025186411688212114,-3.0217483835092214,0.29931219544485194,0.03679620364424334,3.1,0.0,0.410476313525578,1.4571902181146053e-05,0.33706666962751464,0.05562881072692813,0.0,0.0,-9.446308853396783e-08,-0.02655606368185163,-0.00041569390236731766,-5.801516241336344e-07,-6.55924396045461e-07,-0.0010424427177792785,5.2234063507583566e-05,1.0,0.0,100.0,19.449439296240033,19.18793899499268,2022dec05
ZTF20acwvluw,145.308885,26.088591,fritz,2020acoo,ZTF20acwvluw,0.04413337,59201.30195050312,0.0013305255855040352,-2.639505009099224,-0.30666194880879727,0.016631479331310144,3.1,0.0,4.831713129387936,0.0006934719400549941,8.789480980996501,0.8154614315443813,0.0,0.0,1.963718164425582e-05,88.5266905134514,0.03760344207670512,0.00016664999277719324,-0.0002730493072004701,0.08133842705800624,0.0,0.0,0.0,100.0,17.88845686946356,18.338277854383445,2022dec05
ZTF20acymtbr,9.472941,-21.472027,fritz,2020aclx,ZTF20acymtbr,0.06107559,59199.05917144884,0.00017526053580996207,-4.999999999954608,0.4424826014275392,0.017636837582816346,3.1,0.0,0.5923759055913251,2.8012800111466057e-05,0.8980047916228053,0.13570189891688011,0.0,0.0,-2.362553112886821e-06,2.5011458533830398e-09,0.015071609194781005,-1.6250535317621334e-14,-3.5100369811010185e-06,-1.1720841697623323e-10,0.2591646747022936,0.0,0.0,100.0,19.774088796790412,19.308139381095735,2022dec05
